{
    "accuracy": 0.7810810810810811,
    "precision": 0.8049886621315193,
    "recall": 0.8236658932714617,
    "auc": 0.7726743705839509
}
