{
    "accuracy": 0.7905405405405406,
    "precision": 0.8103837471783296,
    "recall": 0.8348837209302326,
    "auc": 0.7819579894973743
}
