{
    "accuracy": 0.7972972972972973,
    "precision": 0.836104513064133,
    "recall": 0.812933025404157,
    "auc": 0.7940886625392121
}
