{
<<<<<<< HEAD
    "accuracy": 0.7810810810810811,
    "precision": 0.8049886621315193,
    "recall": 0.8236658932714617,
    "auc": 0.7726743705839509
=======
    "accuracy": 0.7743243243243243,
    "precision": 0.8086124401913876,
    "recall": 0.7952941176470588,
    "auc": 0.7706629318394025
>>>>>>> c7e5e277d26dc00f5970e89a41e0287731f8d4e3
}
