{
    "accuracy": 0.6,
    "precision": 0.5238095238095238,
    "recall": 0.6470588235294118,
    "auc": 0.6061381074168798
}
