{
    "accuracy": 0.7824324324324324,
    "precision": 0.8040540540540541,
    "recall": 0.8283062645011601,
    "auc": 0.7733764332214538
}
