step	accuracy
<<<<<<< HEAD
0	0.7810810810810811
=======
0	0.7743243243243243
>>>>>>> c7e5e277d26dc00f5970e89a41e0287731f8d4e3
