step	auc
<<<<<<< HEAD
0	0.7726743705839509
=======
0	0.7706629318394025
>>>>>>> c7e5e277d26dc00f5970e89a41e0287731f8d4e3
