step	precision
<<<<<<< HEAD
0	0.8049886621315193
=======
0	0.8086124401913876
>>>>>>> c7e5e277d26dc00f5970e89a41e0287731f8d4e3
