step	recall
<<<<<<< HEAD
0	0.8236658932714617
=======
0	0.7952941176470588
>>>>>>> c7e5e277d26dc00f5970e89a41e0287731f8d4e3
